bin_PaloAlto_LosAngeles_path_0,bin_PaloAlto_LosAngeles_path_1,bin_PaloAlto_Denver_path_0,bin_PaloAlto_Denver_path_1,bin_LosAngeles_PaloAlto_path_0,bin_LosAngeles_PaloAlto_path_1,bin_LosAngeles_Denver_path_0,bin_LosAngeles_Denver_path_1,bin_Denver_PaloAlto_path_0,bin_Denver_PaloAlto_path_1,bin_Denver_LosAngeles_path_0,bin_Denver_LosAngeles_path_1,PaloAlto_PaloAlto,PaloAlto_LosAngeles,PaloAlto_Denver,LosAngeles_PaloAlto,LosAngeles_LosAngeles,LosAngeles_Denver,Denver_PaloAlto,Denver_LosAngeles,Denver_Denver
1.0,0.0,1.0,0.0,0.0,1.0,1.0,0.0,1.0,0.0,1.0,0.0,0.0,0.9825956086933135,0.1589440732433391,0.48764396637315166,0.0,0.19647502251386842,0.2257979937007129,0.5151132356094291,0.0
1.0,0.0,1.0,0.0,1.0,0.0,1.0,0.0,1.0,0.0,1.0,0.0,0.0,0.9233996508766786,0.52163796057583,0.9576842145835421,0.0,0.5569454358192222,0.10315129842782057,0.032254986751072835,0.0
1.0,0.0,1.0,0.0,1.0,0.0,1.0,0.0,0.0,1.0,1.0,0.0,0.0,0.2643432115642421,0.28865955662085213,0.07574711953939602,0.0,0.8459620032818433,0.044672789582825036,0.7287801255673321,0.0
1.0,0.0,1.0,0.0,1.0,0.0,1.0,0.0,1.0,0.0,1.0,0.0,0.0,0.9881904129173993,0.6717046531135945,0.8932809497981528,0.0,0.579017420442814,0.046043791566537935,0.7738610335936911,0.0
1.0,0.0,1.0,0.0,1.0,0.0,1.0,0.0,1.0,0.0,1.0,0.0,0.0,0.11246450341119449,0.25435366843793966,0.2870062638378662,0.0,0.5252200352974936,0.7695544270620797,0.08219803322486452,0.0
0.0,1.0,1.0,0.0,1.0,0.0,1.0,0.0,1.0,0.0,0.0,1.0,0.0,0.6123841129310689,0.19684519815970478,0.8752964102710019,0.0,0.702980412056057,0.5462917994874191,0.31900525214752906,0.0
