PaloAlto_LosAngeles,PaloAlto_Denver,LosAngeles_PaloAlto,LosAngeles_Denver,Denver_PaloAlto,Denver_LosAngeles,bin_PaloAlto_LosAngeles_path_0,bin_PaloAlto_LosAngeles_path_1,bin_PaloAlto_Denver_path_0,bin_PaloAlto_Denver_path_1,bin_LosAngeles_PaloAlto_path_0,bin_LosAngeles_PaloAlto_path_1,bin_LosAngeles_Denver_path_0,bin_LosAngeles_Denver_path_1,bin_Denver_PaloAlto_path_0,bin_Denver_PaloAlto_path_1,bin_Denver_LosAngeles_path_0,bin_Denver_LosAngeles_path_1
0.0,0.8748907071939653,0.0,0.49866537173053527,0.8307675642557074,0.38554351171596624,0.0,1.0,1.0,0.0,0.0,1.0,1.0,0.0,1.0,0.0,1.0,0.0
0.0,0.0,0.0,0.0,0.0,0.4390540077363253,0.0,1.0,0.0,1.0,0.0,1.0,0.0,1.0,0.0,1.0,1.0,0.0
0.9246514749115524,0.5419499817906431,0.2518985356938472,0.0,0.03864029427050433,0.9636184045491261,1.0,0.0,1.0,0.0,1.0,0.0,0.0,1.0,1.0,0.0,1.0,0.0
0.0,0.0,0.0,0.3518342969633994,0.2519609297196,0.6511469543374747,0.0,1.0,0.0,1.0,0.0,1.0,1.0,0.0,0.0,1.0,0.0,1.0
0.8728321103798861,0.0,0.0,0.7985894121366258,0.543063549712641,0.0,1.0,0.0,0.0,1.0,0.0,1.0,1.0,0.0,1.0,0.0,0.0,1.0
0.526823176155468,0.84133597731862,0.8775735699844778,0.0,0.27578911555384755,0.0,1.0,0.0,1.0,0.0,1.0,0.0,0.0,1.0,1.0,0.0,0.0,1.0
0.3304295903034468,0.0,0.0,0.0,0.0,0.8053126293555731,1.0,0.0,0.0,1.0,0.0,1.0,0.0,1.0,0.0,1.0,1.0,0.0
0.9109616096165882,0.0,0.8708279896407574,0.0,0.7348883889954119,0.9641354855993655,1.0,0.0,0.0,1.0,1.0,0.0,0.0,1.0,1.0,0.0,1.0,0.0
